Region,average_salinity_psu
East costal,31.446946909264376
South costal,24.830471362866067
West costal,32.69756317064312
